ProductName,URL,Brand,Price,ImageURL
Embroidered Flared Sleeves Crepe Womens Full Length Jumpsuit - Olive,https://www.shoppersstop.com/juniper-embroidered-flared-sleeves-crepe-womens-full-length-jumpsuit/p-A212690O/colorChange/A212690O_OLIVE,JUNIPER,699,https://sslimages.shoppersstop.com/sys-master/images/h01/h65/17352601796638/A212690O_OLIVE.jpg_230Wx334H
Solid Full Sleeves Polyester Women Jumpsuits - Burgundy,https://www.shoppersstop.com/forever-new-solid-full-sleeves-polyester-women-jumpsuits/p-A21FORJSC0895B/colorChange/A21FORJSC0895B_BURGUNDY,FOREVER NEW,7400,https://sslimages.shoppersstop.com/sys-master/images/hf0/h7b/17492874493982/A21FORJSC0895B_BURGUNDY.jpg_230Wx334H
Solid Denim Womens Mid Thigh Dungarees - Indigo,https://www.shoppersstop.com/madame-solid-denim-womens-mid-thigh-dungarees/p-S21MADM1S31662I/colorChange/S21MADM1S31662I_INDIGO,MADAME,1199,https://sslimages.shoppersstop.com/sys-master/images/he0/h58/16786560319518/S21MADM1S31662I_INDIGO.jpg_230Wx334H
Colour Blocked Round Neck Polyester Women Jumpsuits - Print,https://www.shoppersstop.com/forever-new-colour-blocked-round-neck-polyester-women-jumpsuits/p-A21FORJSC0882P/colorChange/A21FORJSC0882P_PRINT,FOREVER NEW,7400,https://sslimages.shoppersstop.com/sys-master/images/hec/h86/17418344759326/A21FORJSC0882P_PRINT.jpg_230Wx334H
Womens Regular Fit Solid Round Neck Jumpsuit - Blue,https://www.shoppersstop.com/zink-london-womens-regular-fit-solid-round-neck-jumpsuit/p-S21ZINKD01330/colorChange/S21ZINKD01330_BLUE,ZINK LONDON,1399,https://sslimages.shoppersstop.com/sys-master/images/hd5/hc0/15930832683038/S21ZINKD01330_BLUE.jpg_230Wx334H
Womens Regular Fit Printed Key Hole Neck Jumpsuit - Natural,https://www.shoppersstop.com/zink-london-womens-regular-fit-printed-key-hole-neck-jumpsuit/p-S21ZINKD01313/colorChange/S21ZINKD01313_BEIGE,ZINK LONDON,1499,https://sslimages.shoppersstop.com/sys-master/images/h93/h81/16744747597854/S21ZINKD01313_BEIGE.jpg_230Wx334H
Solid Short Sleeves Rayon Blend Womens Regular Length Jumpsuit - Purple,https://www.shoppersstop.com/zink-london-solid-short-sleeves-rayon-blend-womens-regular-length-jumpsuit/p-A21ZINKD01709/colorChange/A21ZINKD01709_PURPLE,ZINK LONDON,2799,https://sslimages.shoppersstop.com/sys-master/images/ha1/hbb/17047804084254/A21ZINKD01709_PURPLE.jpg_230Wx334H
Womens Square Neck Printed Jumpsuit - Blue,https://www.shoppersstop.com/life-womens-square-neck-printed-jumpsuit/p-206283073/colorChange/206283073_BLUE,LIFE,599,https://sslimages.shoppersstop.com/sys-master/images/h05/hf8/13790537646110/206283073_9308.jpg_230Wx334H
Checked Sleeveless Cotton Womens Ankle Length Jumpsuit - Natural,https://www.shoppersstop.com/gipsy-checked-sleeveless-cotton-womens-ankle-length-jumpsuit/p-S21GWJMP212016B/colorChange/S21GWJMP212016B_BEIGE,GIPSY,1397,https://sslimages.shoppersstop.com/sys-master/images/h5a/he4/16490384719902/S21GWJMP212016B_BEIGE.jpg_230Wx334H
Multi Striped Jumpsuit - Olive,https://www.shoppersstop.com/crimsoune-club-multi-striped-jumpsuit/p-A20CRCJS50004OL/colorChange/A20CRCJS50004OL_OLIVE,CRIMSOUNE CLUB,1199,https://sslimages.shoppersstop.com/sys-master/images/h0c/hea/16071417495582/A20CRCJS50004OL_OLIVE.jpg_230Wx334H
Womens Round Neck Solid Jumpsuit - Powder Blue,https://www.shoppersstop.com/femina-flaunt-womens-round-neck-solid-jumpsuit/p-206126821/colorChange/206126821_POWDER_BLUE,FEMINA FLAUNT,539,https://sslimages.shoppersstop.com/sys-master/images/h4f/h5f/13773689389086/206126821_9305.jpg_230Wx334H
Solid Elbow Sleeves Rayon Blend Womens Ankle Length Jumpsuit - Black,https://www.shoppersstop.com/zink-london-solid-elbow-sleeves-rayon-blend-womens-ankle-length-jumpsuit/p-A21ZINKD01713/colorChange/A21ZINKD01713_BLACK,ZINK LONDON,2799,https://sslimages.shoppersstop.com/sys-master/images/h2f/h43/17048761729054/A21ZINKD01713_BLACK.jpg_230Wx334H
Geometric 3/4 Sleeves Polyester Women 3/4 Length Jumpsuits - Indigo,https://www.shoppersstop.com/global-desi-geometric-3-4-sleeves-polyester-women-3-4-length-jumpsuits/p-FW21GB093JSPCH/colorChange/FW21GB093JSPCH_INDIGO,GLOBAL DESI,4299,https://sslimages.shoppersstop.com/sys-master/images/h62/h13/17472648347678/FW21GB093JSPCH_INDIGO.jpg_230Wx334H
Multi Striped Jumpsuit - Pink,https://www.shoppersstop.com/crimsoune-club-multi-striped-jumpsuit/p-A20CRCJS50003PI/colorChange/A20CRCJS50003PI_PINK,CRIMSOUNE CLUB,1199,https://sslimages.shoppersstop.com/sys-master/images/h48/hf7/16071315718174/A20CRCJS50003PI_PINK.jpg_230Wx334H
Solid Sleeveless Polyester Women Regular Jumpsuit - Pink,https://www.shoppersstop.com/vero-moda-solid-sleeveless-polyester-women-regular-jumpsuit/p-A21VM10263091/colorChange/A21VM10263091_PINK,VERO MODA,3999,https://sslimages.shoppersstop.com/sys-master/images/h36/he7/17492640366622/A21VM10263091_PINK.jpg_230Wx334H
Womens Peach Cotton Flex Printed Ethnic Jumpsuit With Bell Sleeves And Add-On Belt - Peach,https://www.shoppersstop.com/juniper-womens-peach-cotton-flex-printed-ethnic-jumpsuit-with-bell-sleeves-and-add-on-belt/p-9926PEACH/colorChange/9926PEACH_PEACH,JUNIPER,799,https://sslimages.shoppersstop.com/sys-master/images/h27/h09/15522081636382/9926PEACH_PEACH.jpg_230Wx334H
Womens Regular Fit Stripes Square Neck Jumpsuit - Blue,https://www.shoppersstop.com/zink-london-womens-regular-fit-stripes-square-neck-jumpsuit/p-S21ZINKD01438/colorChange/S21ZINKD01438_BLUE,ZINK LONDON,839,https://sslimages.shoppersstop.com/sys-master/images/hba/h01/16296672329758/S21ZINKD01438_BLUE.jpg_230Wx334H
Solid Regular Sleeves Polyester Womens Regular Length Jumpsuit - Black,https://www.shoppersstop.com/dolce-crudo-solid-regular-sleeves-polyester-womens-regular-length-jumpsuit/p-S21DOLSS20D0454/colorChange/S21DOLSS20D0454_BLACK,DOLCE CRUDO,989,https://sslimages.shoppersstop.com/sys-master/images/ha9/hd3/16481468743710/S21DOLSS20D0454_BLACK.jpg_230Wx334H
Womens Regular Fit Checks V Neck Jumpsuit - Black,https://www.shoppersstop.com/zink-london-womens-regular-fit-checks-v-neck-jumpsuit/p-S21ZINKD01420/colorChange/S21ZINKD01420_BLACK,ZINK LONDON,839,https://sslimages.shoppersstop.com/sys-master/images/h19/h0f/16296766701598/S21ZINKD01420_BLACK.jpg_230Wx334H
Stripes Flared Sleeves Viscose Blend Womens Maxi Length Jumpsuit - Blue,https://www.shoppersstop.com/zink-london-stripes-flared-sleeves-viscose-blend-womens-maxi-length-jumpsuit/p-S21ZINKD01306/colorChange/S21ZINKD01306_BLUE,ZINK LONDON,1499,https://sslimages.shoppersstop.com/sys-master/images/hec/h04/16744434696222/S21ZINKD01306_BLUE.jpg_230Wx334H
Womens Grey Solid Jumpsuit - Denim,https://www.shoppersstop.com/crimsoune-club-womens-grey-solid-jumpsuit/p-A20CRCJS50014DE/colorChange/A20CRCJS50014DE_DENIM,CRIMSOUNE CLUB,1499,https://sslimages.shoppersstop.com/sys-master/images/h35/h1a/16071460618270/A20CRCJS50014DE_DENIM.jpg_230Wx334H
Stripes Sleeveless Polyester Womens Calf Length Jumpsuit - Blue,https://www.shoppersstop.com/zink-london-stripes-sleeveless-polyester-womens-calf-length-jumpsuit/p-S21ZINKD01493/colorChange/S21ZINKD01493_BLUE,ZINK LONDON,869,https://sslimages.shoppersstop.com/sys-master/images/h4a/hff/16744717123614/S21ZINKD01493_BLUE.jpg_230Wx334H
Textured Square Neck Polyester Women Straight Jumpsuits - Black,https://www.shoppersstop.com/forever-new-textured-square-neck-polyester-women-straight-jumpsuits/p-A21FORJS0876J/colorChange/A21FORJS0876J_BLACK,FOREVER NEW,8200,https://sslimages.shoppersstop.com/sys-master/images/h63/h17/17422325252126/A21FORJS0876J_BLACK.jpg_230Wx334H
Womens Regular Fit Structure Key Hole Neck Jumpsuit - Red,https://www.shoppersstop.com/zink-london-womens-regular-fit-structure-key-hole-neck-jumpsuit/p-S21ZINKD01328/colorChange/S21ZINKD01328_RED,ZINK LONDON,1599,https://sslimages.shoppersstop.com/sys-master/images/h63/ha4/15932269002782/S21ZINKD01328_RED.jpg_230Wx334H
Womens Off-White Rayon Slub Floral Print Ethnic Jumpsuit - Off White,https://www.shoppersstop.com/juniper-womens-off-white-rayon-slub-floral-print-ethnic-jumpsuit/p-9934OFFWHITE/colorChange/9934OFFWHITE_OFF_WHITE,JUNIPER,1039,https://sslimages.shoppersstop.com/sys-master/images/h3c/ha5/15701245657118/9934OFFWHITE_OFF_WHITE.jpg_230Wx334H
Solid 3/4Th Sleeves Polyester Womens Calf Length Jumpsuit - Green,https://www.shoppersstop.com/zink-london-solid-3-4th-sleeves-polyester-womens-calf-length-jumpsuit/p-A21ZINKD01749/colorChange/A21ZINKD01749_GREEN,ZINK LONDON,2899,https://sslimages.shoppersstop.com/sys-master/images/h74/h90/17202878349342/A21ZINKD01749_GREEN.jpg_230Wx334H
Striped Sleeveless Polyester Womens Full Length Jumpsuit - Pink,https://www.shoppersstop.com/zink-london-striped-sleeveless-polyester-womens-full-length-jumpsuit/p-A21ZINKD01746/colorChange/A21ZINKD01746_PINK,ZINK LONDON,2899,https://sslimages.shoppersstop.com/sys-master/images/h92/hc4/17164530024478/A21ZINKD01746_PINK.jpg_230Wx334H
Solid Shoulder Straps Cotton Womens Short Length Dungarees - Pale Pink,https://www.shoppersstop.com/lovegen-solid-shoulder-straps-cotton-womens-short-length-dungarees/p-S21LG2GENPLPINK/colorChange/S21LG2GENPLPINK_PALE_PINK,LOVEGEN,1499,https://sslimages.shoppersstop.com/sys-master/images/h9a/h98/16848932306974/S21LG2GENPLPINK_PALE_PINK.jpg_230Wx334H
Printed Sleeveless Viscose Women Above Knee Jumpsuit - Green,https://www.shoppersstop.com/vero-moda-printed-sleeveless-viscose-women-above-knee-jumpsuit/p-A21VM10261302/colorChange/A21VM10261302_GREEN,VERO MODA,2999,https://sslimages.shoppersstop.com/sys-master/images/h83/h0d/17492655144990/A21VM10261302_GREEN.jpg_230Wx334H
Womens Fit And Flare Knowing The World Cut Out Jumpsuit Black - Black,https://www.shoppersstop.com/dolce-crudo-womens-fit-and-flare-knowing-the-world-cut-out-jumpsuit-black/p-A20DOLAW19D0419/colorChange/A20DOLAW19D0419_BLACK,DOLCE CRUDO,1249,https://sslimages.shoppersstop.com/sys-master/images/h2e/hac/15663245230110/A20DOLAW19D0419_BLACK.jpg_230Wx334H
Striped 3/4Th Sleeves Cotton Womens Ankle Length Jumpsuit - Black,https://www.shoppersstop.com/gipsy-striped-3-4th-sleeves-cotton-womens-ankle-length-jumpsuit/p-206423469/colorChange/206423469_BLACK,GIPSY,1497,https://sslimages.shoppersstop.com/sys-master/images/hb4/ha0/16903984513054/206423469_BLACK.jpg_230Wx334H
Womens V-Neck Printed Jumpsuit - Brown,https://www.shoppersstop.com/marie-claire-womens-v-neck-printed-jumpsuit/p-203948121/colorChange/203948121_BROWN,MARIE CLAIRE,959,https://sslimages.shoppersstop.com/B8AC9759D45547D9AEF177F0DE13B7C8/img/D93C889CDBEA4B33BE03D1DE649B3FCE/203948121_9126_D93C889CDBEA4B33BE03D1DE649B3FCE.jpg
Checks Roll Up Sleeves Polyester Womens Above Knee Length Playsuit - Black,https://www.shoppersstop.com/zink-london-checks-roll-up-sleeves-polyester-womens-above-knee-length-playsuit/p-S21ZINKD01476/colorChange/S21ZINKD01476_BLACK,ZINK LONDON,919,https://sslimages.shoppersstop.com/sys-master/images/hfa/h40/17027122921502/S21ZINKD01476_BLACK.jpg_230Wx334H
Womens Regular Fit Printed V Neck Jumpsuit - Brown,https://www.shoppersstop.com/zink-london-womens-regular-fit-printed-v-neck-jumpsuit/p-S21ZINKD01453/colorChange/S21ZINKD01453_BROWN,ZINK LONDON,839,https://sslimages.shoppersstop.com/sys-master/images/h30/hb0/16296696578078/S21ZINKD01453_BROWN.jpg_230Wx334H
Womens Orange Printed Jumpsuit - Peach,https://www.shoppersstop.com/crimsoune-club-womens-orange-printed-jumpsuit/p-A20CRCJS50007PE/colorChange/A20CRCJS50007PE_PEACH,CRIMSOUNE CLUB,1199,https://sslimages.shoppersstop.com/sys-master/images/he1/h5a/16071511867422/A20CRCJS50007PE_PEACH.jpg_230Wx334H
Womens Band Collar Floral Printed Jumpsuit - Navy,https://www.shoppersstop.com/gipsy-womens-band-collar-floral-printed-jumpsuit/p-206106129/colorChange/206106129_NAVY_BLUE,GIPSY,1397,https://sslimages.s3-ap-southeast-1.amazonaws.com/sys-master/images/h77/hcb/13480405631006/206106129_9324.jpg_230Wx334H
Womens V Neck Stripe Tie Up Jumpsuit - Blush,https://www.shoppersstop.com/madame-womens-v-neck-stripe-tie-up-jumpsuit/p-205560635/colorChange/205560635_BLUSH,MADAME,1349,https://sslimages.shoppersstop.com/sys-master/images/h86/h61/12794270679070/205560635_9555.jpg_230Wx334H
Womens Key Hole Neck Solid Jumpsuit - Brown,https://www.shoppersstop.com/madame-womens-key-hole-neck-solid-jumpsuit/p-206172259/colorChange/206172259_BROWN,MADAME,1749,https://sslimages.shoppersstop.com/sys-master/images/h07/h34/13699281780766/206172259_9126.jpg_230Wx334H
Solid Short Sleeves Polyester Women Regular Jumpsuit - Black,https://www.shoppersstop.com/vero-moda-solid-short-sleeves-polyester-women-regular-jumpsuit/p-A21VM10263455/colorChange/A21VM10263455_BLACK,VERO MODA,3999,https://sslimages.shoppersstop.com/sys-master/images/h07/h39/17493606203422/A21VM10263455_BLACK.jpg_230Wx334H
Solid Sleeveless Polyester Womens Ankle Length Jumpsuit - Wine,https://www.shoppersstop.com/gipsy-solid-sleeveless-polyester-womens-ankle-length-jumpsuit/p-206326890/colorChange/206326890_WINE,GIPSY,1247,https://sslimages.shoppersstop.com/sys-master/images/ha9/h60/16904017281054/206326890_WINE.jpg_230Wx334H
Embellished Sleeveless Crepe Womens Maxi Jumpsuit - Blue,https://www.shoppersstop.com/faballey-embellished-sleeveless-crepe-womens-maxi-jumpsuit/p-S19FABDRS02839/colorChange/S19FABDRS02839_BLUE,FABALLEY,1250,https://sslimages.shoppersstop.com/sys-master/images/h13/hac/16301646741534/S19FABDRS02839_BLUE.jpg_230Wx334H
Womens Round Neck Solid Jumpsuit - Olive,https://www.shoppersstop.com/gipsy-womens-round-neck-solid-jumpsuit/p-205277763/colorChange/205277763_OLIVE,GIPSY,1397,https://sslimages.shoppersstop.com/sys-master/images/he4/h88/12764483911710/205277763_9465.jpg_230Wx334H
Womens V Neck Striped Jumpsuit - White,https://www.shoppersstop.com/madame-womens-v-neck-striped-jumpsuit/p-205560636/colorChange/205560636_WHITE,MADAME,1349,https://sslimages.shoppersstop.com/sys-master/images/h4c/h41/12869021499422/205560636_9100.jpg_230Wx334H
Womens 2 Pocket Solid Maxi Jumpsuit - Navy,https://www.shoppersstop.com/miss-chase-womens-2-pocket-solid-maxi-jumpsuit/p-205953119/colorChange/205953119_NAVY_BLUE,MISS CHASE,924,https://sslimages.shoppersstop.com/sys-master/images/hf5/he1/13176174706718/205953119_9324.jpg_230Wx334H
Stripes Sleeveless Georgette Womens Longline Jumpsuit - Green,https://www.shoppersstop.com/faballey-stripes-sleeveless-georgette-womens-longline-jumpsuit/p-206817380/colorChange/206817380_GREEN,FABALLEY,1100,https://sslimages.shoppersstop.com/sys-master/images/hd6/h9c/16301332725790/206817380_GREEN.jpg_230Wx334H
Solid Sleeveless Polyester Womens Ankle Length Jumpsuit - Natural,https://www.shoppersstop.com/soie-solid-sleeveless-polyester-womens-ankle-length-jumpsuit/p-S21SOIE8714BEIG/colorChange/S21SOIE8714BEIG_BEIGE,SOIE,1245,https://sslimages.shoppersstop.com/sys-master/images/he6/h6b/16787104464926/S21SOIE8714BEIG_BEIGE.jpg_230Wx334H
Womens Round Neck Solid Jumpsuit - Black,https://www.shoppersstop.com/madame-womens-round-neck-solid-jumpsuit/p-206257608/colorChange/206257608_BLACK,MADAME,1649,https://sslimages.shoppersstop.com/sys-master/images/hde/h7c/13796894572574/206257608_9212.jpg_230Wx334H
Stripes Half Sleeves Viscose Womens Full Length Jumpsuit - Blue,https://www.shoppersstop.com/faballey-stripes-half-sleeves-viscose-womens-full-length-jumpsuit/p-A21FABDRS04341/colorChange/A21FABDRS04341_BLUE,FABALLEY,2400,https://sslimages.shoppersstop.com/sys-master/images/ha0/h3b/17544329297950/A21FABDRS04341_BLUE.jpg_230Wx334H
Solid Short Sleeves Crepe Womens Maxi Jumpsuit - Maroon,https://www.shoppersstop.com/faballey-solid-short-sleeves-crepe-womens-maxi-jumpsuit/p-206833236/colorChange/206833236_MAROON,FABALLEY,1100,https://sslimages.shoppersstop.com/sys-master/images/h71/h35/14607192326174/206833236_9612.jpg_230Wx334H
Solid Sleeveless Viscose Womens Jumpsuit - Off White,https://www.shoppersstop.com/van-heusen-solid-sleeveless-viscose-womens-jumpsuit/p-S21VHFRGHG51435/colorChange/S21VHFRGHG51435_OFF_WHITE,VAN HEUSEN,2699,https://sslimages.shoppersstop.com/sys-master/images/h7d/h2e/16786912870430/S21VHFRGHG51435_OFF_WHITE.jpg_230Wx334H
Floral Print Short Sleeves Polyester Womens Full Length Jumpsuit - Peach,https://www.shoppersstop.com/zink-london-floral-print-short-sleeves-polyester-womens-full-length-jumpsuit/p-A21ZINKD01743/colorChange/A21ZINKD01743_PEACH,ZINK LONDON,2899,https://sslimages.shoppersstop.com/sys-master/images/h19/hef/17164649103390/A21ZINKD01743_PEACH.jpg_230Wx334H
Womens Grey Striped Flared Sleeve Jumpsuit - Grey,https://www.shoppersstop.com/faballey-womens-grey-striped-flared-sleeve-jumpsuit/p-S19FABDRS03066/colorChange/S19FABDRS03066_GREY,FABALLEY,1100,https://sslimages.shoppersstop.com/sys-master/images/hc6/h52/15026367496222/S19FABDRS03066_GREY.jpg_230Wx334H
Embroidered Bell Sleeves Polyester Blend Womens Full Length Jumpsuit - Brown,https://www.shoppersstop.com/juniper-embroidered-bell-sleeves-polyester-blend-womens-full-length-jumpsuit/p-A219925B/colorChange/A219925B_BROWN,JUNIPER,1319,https://sslimages.shoppersstop.com/sys-master/images/hc4/h67/17427800588318/A219925B_BROWN.jpg_230Wx334H
Floral 3/4 Sleeves Polyester Women Regular Jumpsuits - Sage,https://www.shoppersstop.com/global-desi-floral-3-4-sleeves-polyester-women-regular-jumpsuits/p-FW21GM237JSPKH/colorChange/FW21GM237JSPKH_SAGE,GLOBAL DESI,2999,https://sslimages.shoppersstop.com/sys-master/images/hb7/h79/17472600375326/FW21GM237JSPKH_SAGE.jpg_230Wx334H
Womens Round Neck Slub Jumpsuit - Olive,https://www.shoppersstop.com/gipsy-womens-round-neck-slub-jumpsuit/p-206221465/colorChange/206221465_OLIVE,GIPSY,1397,https://sslimages.shoppersstop.com/sys-master/images/h22/hc7/14108531556382/206221465_9465.jpg_230Wx334H
Womens Regular Fit Printed Jumpsuit - Multi,https://www.shoppersstop.com/miss-chase-womens-regular-fit-printed-jumpsuit/p-A20MISSD1145190/colorChange/A20MISSD1145190_MULTI,MISS CHASE,899,https://sslimages.shoppersstop.com/sys-master/images/h18/hbd/15642893156382/A20MISSD1145190_MULTI.jpg_230Wx334H
Solid Short Sleeves Crepe Womens Regular Jumpsuit - Black,https://www.shoppersstop.com/faballey-solid-short-sleeves-crepe-womens-regular-jumpsuit/p-S21FABDRS03936/colorChange/S21FABDRS03936_BLACK,FABALLEY,1440,https://sslimages.shoppersstop.com/sys-master/images/h05/he2/16401988354078/S21FABDRS03936_BLACK.jpg_230Wx334H
Womens Tie Up Band Collar Slub Jumpsuit - Olive,https://www.shoppersstop.com/gipsy-womens-tie-up-band-collar-slub-jumpsuit/p-206444849/colorChange/206444849_OLIVE,GIPSY,1247,https://sslimages.shoppersstop.com/sys-master/images/he4/h11/14502875496478/206444849_9465.jpg_230Wx334H
Womens Sage Green Cotton Flex Printed Ethnic Jumpsuit With Bell Sleeves And Add-On Belt - Sage,https://www.shoppersstop.com/juniper-womens-sage-green-cotton-flex-printed-ethnic-jumpsuit-with-bell-sleeves-and-add-on-belt/p-9926SAGEGREEN/colorChange/9926SAGEGREEN_SAGE,JUNIPER,999,https://sslimages.shoppersstop.com/sys-master/images/hdb/h63/15526449840158/9926SAGEGREEN_SAGE.jpg_230Wx334H
Embroidered Bell Sleeves Polyester Blend Womens Full Length Jumpsuit - Olive,https://www.shoppersstop.com/juniper-embroidered-bell-sleeves-polyester-blend-womens-full-length-jumpsuit/p-A219925O/colorChange/A219925O_OLIVE,JUNIPER,1319,https://sslimages.shoppersstop.com/sys-master/images/h61/h98/17427799146526/A219925O_OLIVE.jpg_230Wx334H
Womens Regular Fit Stripes Square Neck Playsuit - White,https://www.shoppersstop.com/zink-london-womens-regular-fit-stripes-square-neck-playsuit/p-S21ZINKD01460/colorChange/S21ZINKD01460_WHITE,ZINK LONDON,719,https://sslimages.shoppersstop.com/sys-master/images/hc8/hc6/16296662564894/S21ZINKD01460_WHITE.jpg_230Wx334H
Printed Sleeveless Viscose Women Calf Length Jumpsuit - White,https://www.shoppersstop.com/vero-moda-printed-sleeveless-viscose-women-calf-length-jumpsuit/p-A21VM10263606/colorChange/A21VM10263606_WHITE,VERO MODA,3499,https://sslimages.shoppersstop.com/sys-master/images/hfd/h99/17493612396574/A21VM10263606_WHITE.jpg_230Wx334H
Stripes Sleeveless Polyester Womens Calf Length Jumpsuit - Purple,https://www.shoppersstop.com/zink-london-stripes-sleeveless-polyester-womens-calf-length-jumpsuit/p-S21ZINKD01481/colorChange/S21ZINKD01481_PURPLE,ZINK LONDON,809,https://sslimages.shoppersstop.com/sys-master/images/h66/h5b/16744655814686/S21ZINKD01481_PURPLE.jpg_230Wx334H
Floral Full Sleeves Viscose Women Calf Length Jumpsuits - Blue,https://www.shoppersstop.com/and-floral-full-sleeves-viscose-women-calf-length-jumpsuits/p-FW21AS2482PK190/colorChange/FW21AS2482PK190_BLUE,AND,3299,https://sslimages.shoppersstop.com/sys-master/images/hcd/h43/17493672329246/FW21AS2482PK190_BLUE.jpg_230Wx334H
Stripes Short Sleeves Georgette Womens Maxi Jumpsuit - Maroon,https://www.shoppersstop.com/faballey-stripes-short-sleeves-georgette-womens-maxi-jumpsuit/p-206833237/colorChange/206833237_MAROON,FABALLEY,1100,https://sslimages.shoppersstop.com/sys-master/images/h61/hbf/14606858551326/206833237_9612.jpg_230Wx334H
Womens Strappy Jumpsuit With Waist Tie Up - Black,https://www.shoppersstop.com/zink-london-womens-strappy-jumpsuit-with-waist-tie-up/p-A20ZINKD01053/colorChange/A20ZINKD01053_BLACK,ZINK LONDON,809,https://sslimages.shoppersstop.com/sys-master/images/he7/h04/16296664006686/A20ZINKD01053_BLACK.jpg_230Wx334H
Solid Sleeveless Crepe Womens Maxi Jumpsuit - Blue,https://www.shoppersstop.com/faballey-solid-sleeveless-crepe-womens-maxi-jumpsuit/p-S20FAEODRS02921/colorChange/S20FAEODRS02921_Blue,FABALLEY,1200,https://sslimages.shoppersstop.com/sys-master/images/h2b/h33/16300773965854/S20FAEODRS02921_Blue.jpg_230Wx334H
Floral Half Sleeves Crepe Womens Full Length Jumpsuit - Red,https://www.shoppersstop.com/faballey-floral-half-sleeves-crepe-womens-full-length-jumpsuit/p-A21FABDRS04343/colorChange/A21FABDRS04343_RED,FABALLEY,2450,https://sslimages.shoppersstop.com/sys-master/images/hc2/h2d/17544382840862/A21FABDRS04343_RED.jpg_230Wx334H
Stripes Sleeveless Georgette Womens Maxi Jumpsuit - Green,https://www.shoppersstop.com/faballey-stripes-sleeveless-georgette-womens-maxi-jumpsuit/p-206833238/colorChange/206833238_GREEN,FABALLEY,1100,https://sslimages.shoppersstop.com/sys-master/images/h56/h8b/14607241805854/206833238_9463.jpg_230Wx334H
Stripes Sleeveless Polyester Womens Regular Jumpsuit - White,https://www.shoppersstop.com/madame-stripes-sleeveless-polyester-womens-regular-jumpsuit/p-S20MADM9S31023W/colorChange/S20MADM9S31023W_WHITE,MADAME,1449,https://sslimages.shoppersstop.com/sys-master/images/h15/hab/16364699779102/S20MADM9S31023W_WHITE.jpg_230Wx334H
Checks Short Sleeves Polyester Womens Calf Length Jumpsuit - Red,https://www.shoppersstop.com/zink-london-checks-short-sleeves-polyester-womens-calf-length-jumpsuit/p-S21ZINKD01496/colorChange/S21ZINKD01496_RED,ZINK LONDON,809,https://sslimages.shoppersstop.com/sys-master/images/h13/hc0/16744291303454/S21ZINKD01496_RED.jpg_230Wx334H
Solid Half Sleeves Viscose Womens Maxi Length Jumpsuit - Black,https://www.shoppersstop.com/only-solid-half-sleeves-viscose-womens-maxi-length-jumpsuit/p-AW21ON15264263/colorChange/AW21ON15264263_BLACK,ONLY,4299,https://sslimages.shoppersstop.com/sys-master/images/h80/hd0/17524296941598/AW21ON15264263_BLACK.jpg_230Wx334H
Stripes Sleeveless Georgette Womens Longline Jumpsuit - Maroon,https://www.shoppersstop.com/faballey-stripes-sleeveless-georgette-womens-longline-jumpsuit/p-206817379/colorChange/206817379_MAROON,FABALLEY,1100,https://sslimages.shoppersstop.com/sys-master/images/hb4/ha7/16312977227806/206817379_MAROON.jpg_230Wx334H
Womens Floral V-Neck Flared Jumpsuit - Mustard,https://www.shoppersstop.com/global-desi-womens-floral-v-neck-flared-jumpsuit/p-206512275/colorChange/206512275_MUSTARD,GLOBAL DESI,1399,https://sslimages.shoppersstop.com/sys-master/images/h7a/hb5/14863214018590/206512275_9418.jpg_230Wx334H
Womens Regular Fit Printed V Neck Jumpsuit - Multi,https://www.shoppersstop.com/zink-london-womens-regular-fit-printed-v-neck-jumpsuit/p-S21ZINKD01421/colorChange/S21ZINKD01421_MULTI,ZINK LONDON,839,https://sslimages.shoppersstop.com/sys-master/images/h65/hd1/16296771813406/S21ZINKD01421_MULTI.jpg_230Wx334H
Self Design Short Sleeves Polyester Blend Womens Full Length Jumpsuit - Peach,https://www.shoppersstop.com/zink-london-self-design-short-sleeves-polyester-blend-womens-full-length-jumpsuit/p-A21ZINKD01744/colorChange/A21ZINKD01744_PEACH,ZINK LONDON,3199,https://sslimages.shoppersstop.com/sys-master/images/h9d/hf8/17164665618462/A21ZINKD01744_PEACH.jpg_230Wx334H
Printed Sleeveless Viscose Polyester Womens Maxi Length Jumpsuit - Print,https://www.shoppersstop.com/forever-new-printed-sleeveless-viscose-polyester-womens-maxi-length-jumpsuit/p-S21FORJS0803P/colorChange/S21FORJS0803P_PRINT,FOREVER NEW,4760,https://sslimages.shoppersstop.com/sys-master/images/h87/h8e/17037047988254/S21FORJS0803P_PRINT.jpg_230Wx334H
Printed Short Sleeves Georgette Womens Regular Jumpsuit - Black,https://www.shoppersstop.com/faballey-printed-short-sleeves-georgette-womens-regular-jumpsuit/p-S21FABDRS03938/colorChange/S21FABDRS03938_BLACK,FABALLEY,1380,https://sslimages.shoppersstop.com/sys-master/images/h08/he6/16402637750302/S21FABDRS03938_BLACK.jpg_230Wx334H
Printed Sleeveless Viscose Womens Midi Length Jumpsuit - Navy,https://www.shoppersstop.com/sera-printed-sleeveless-viscose-womens-midi-length-jumpsuit/p-S21SERALA2543NA/colorChange/S21SERALA2543NA_NAVY_BLUE,SERA,1894,https://sslimages.shoppersstop.com/sys-master/images/hcd/hd9/16843708858398/S21SERALA2543NA_NAVY_BLUE.jpg_230Wx334H
Solid Regular Sleeves Rayon Womens Regular Length Jumpsuit - Black,https://www.shoppersstop.com/dolce-crudo-solid-regular-sleeves-rayon-womens-regular-length-jumpsuit/p-S21DOLAW19D0431/colorChange/S21DOLAW19D0431_BLACK,DOLCE CRUDO,1169,https://sslimages.shoppersstop.com/sys-master/images/hea/hc9/16481117077534/S21DOLAW19D0431_BLACK.jpg_230Wx334H
Solid Shoulder Straps Cotton Womens Ankle Length Dungarees - Mid Blue,https://www.shoppersstop.com/lovegen-solid-shoulder-straps-cotton-womens-ankle-length-dungarees/p-S21LG02SALMDBLU/colorChange/S21LG02SALMDBLU_MID_BLUE,LOVEGEN,1949,https://sslimages.shoppersstop.com/sys-master/images/h16/h73/16845336182814/S21LG02SALMDBLU_MID_BLUE.jpg_230Wx334H
Womens V Neck Striped Jumpsuit - Grey,https://www.shoppersstop.com/and-womens-v-neck-striped-jumpsuit/p-205757384/colorChange/205757384_GREY,AND,874,https://sslimages.shoppersstop.com/sys-master/images/h7f/h8a/13483580817438/205757384_9204.jpg_230Wx334H
Women Solid Casual Jumpsuit - Berry,https://www.shoppersstop.com/femina-flaunt-women-solid-casual-jumpsuit/p-A20317LJPSBSYMA/colorChange/A20317LJPSBSYMA_BERRY,FEMINA FLAUNT,899,https://sslimages.shoppersstop.com/sys-master/images/h7d/ha3/15798824468510/A20317LJPSBSYMA_BERRY.jpg_230Wx334H
Stripes Sleeveless Polyester Womens Calf Length Jumpsuit - Pink,https://www.shoppersstop.com/zink-london-stripes-sleeveless-polyester-womens-calf-length-jumpsuit/p-S21ZINKD01489/colorChange/S21ZINKD01489_RED,ZINK LONDON,839,https://sslimages.shoppersstop.com/sys-master/images/h9a/hfa/16744704344094/S21ZINKD01489_RED.jpg_230Wx334H
Foil Print Sleeveless Viscose Womens Regular Length Jumpsuit - Blue,https://www.shoppersstop.com/indya-foil-print-sleeveless-viscose-womens-regular-length-jumpsuit/p-S21ITN03174/colorChange/S21ITN03174_BLUE,INDYA,2650,https://sslimages.shoppersstop.com/sys-master/images/hb0/hd3/16497734713374/S21ITN03174_BLUE.jpg_230Wx334H
Solid Sleeveless Cotton Womens Regular Jumpsuit - Purple,https://www.shoppersstop.com/campus-sutra-solid-sleeveless-cotton-womens-regular-jumpsuit/p-A21CSWSSJS181PU/colorChange/A21CSWSSJS181PU_PURPLE,CAMPUS SUTRA,1899,https://sslimages.shoppersstop.com/sys-master/images/h06/h85/17559447961630/A21CSWSSJS181PU_PURPLE.jpg_230Wx334H
Stripes Regular Sleeves Cotton Womens Regular Length Jumpsuit - White,https://www.shoppersstop.com/janasya-stripes-regular-sleeves-cotton-womens-regular-length-jumpsuit/p-A21J0291JS/colorChange/A21J0291JS_WHITE,JANASYA,949,https://sslimages.shoppersstop.com/sys-master/images/h9f/ha1/17222353027102/A21J0291JS_WHITE.jpg_230Wx334H
Womens Regular Fit Stripes Round Neck Jumpsuit - Black,https://www.shoppersstop.com/zink-london-womens-regular-fit-stripes-round-neck-jumpsuit/p-S21ZINKD01317/colorChange/S21ZINKD01317_BLACK,ZINK LONDON,1449,https://sslimages.shoppersstop.com/sys-master/images/h0f/h7d/15932057845790/S21ZINKD01317_BLACK.jpg_230Wx334H
Womens Regular Fit Dyed Square Neck Jumpsuit - White,https://www.shoppersstop.com/zink-london-womens-regular-fit-dyed-square-neck-jumpsuit/p-S21ZINKD01320/colorChange/S21ZINKD01320_WHITE,ZINK LONDON,1449,https://sslimages.shoppersstop.com/sys-master/images/h83/haa/15931340554270/S21ZINKD01320_WHITE.jpg_230Wx334H
Womens Regular Fit Printed V Neck A-Line Jumpsuit - Black,https://www.shoppersstop.com/sera-womens-regular-fit-printed-v-neck-a-line-jumpsuit/p-A20SERALA2543BL/colorChange/A20SERALA2543BL_BLACK,SERA,1694,https://sslimages.shoppersstop.com/sys-master/images/h1d/h9c/16000358678558/A20SERALA2543BL_BLACK.jpg_230Wx334H
Solid Sleeveless Polyester Womens Ankle Length Jumpsuit - Navy,https://www.shoppersstop.com/gipsy-solid-sleeveless-polyester-womens-ankle-length-jumpsuit/p-206549611/colorChange/206549611_NAVY_BLUE,GIPSY,1497,https://sslimages.shoppersstop.com/sys-master/images/hce/ha7/17203312427038/206549611_NAVY_BLUE.jpg_230Wx334H
Womens Regular Fit Floral Jump Suit - Pink,https://www.shoppersstop.com/global-desi-womens-regular-fit-floral-jump-suit/p-206574183/colorChange/206574183_PINK,GLOBAL DESI,2249,https://sslimages.shoppersstop.com/sys-master/images/h68/h27/14887453229086/206574183_9557.jpg_230Wx334H
Solid Short Sleeves Polyester Women Regular Jumpsuit - Green,https://www.shoppersstop.com/vero-moda-solid-short-sleeves-polyester-women-regular-jumpsuit/p-A21VM10263095/colorChange/A21VM10263095_GREEN,VERO MODA,3799,https://sslimages.shoppersstop.com/sys-master/images/hfe/h0a/17493786886174/A21VM10263095_GREEN.jpg_230Wx334H
Solid Cap Sleeves Rayon Blend Womens Above Knee Length Playsuit - Red,https://www.shoppersstop.com/zink-london-solid-cap-sleeves-rayon-blend-womens-above-knee-length-playsuit/p-S21ZINKD01517/colorChange/S21ZINKD01517_RED,ZINK LONDON,919,https://sslimages.shoppersstop.com/sys-master/images/h57/hb2/17027228303390/S21ZINKD01517_RED.jpg_230Wx334H
Womens V Neck Striped Jumpsuit - Black,https://www.shoppersstop.com/gipsy-womens-v-neck-striped-jumpsuit/p-206147491/colorChange/206147491_BLACK,GIPSY,1747,https://sslimages.shoppersstop.com/sys-master/images/hd1/hd0/13660276916254/206147491_9212.jpg_230Wx334H
Womens Regular Fit V Neck Embroidered Dress - Navy,https://www.shoppersstop.com/zink-london-womens-regular-fit-v-neck-embroidered-dress/p-A20ZINKD01063/colorChange/A20ZINKD01063_NAVY,ZINK LONDON,989,https://sslimages.shoppersstop.com/sys-master/images/h09/h56/16296712634398/A20ZINKD01063_NAVY.jpg_230Wx334H
Solid 3/4 Sleeves Polyester Women 3/4 Length Jumpsuits - Wine,https://www.shoppersstop.com/and-solid-3-4-sleeves-polyester-women-3-4-length-jumpsuits/p-FW21AB0542PL8/colorChange/FW21AB0542PL8_WINE,AND,3899,https://sslimages.shoppersstop.com/sys-master/images/hb5/he3/17493000978462/FW21AB0542PL8_WINE.jpg_230Wx334H
Printed Sleeveless Viscose Rayon Womens Jumpsuit - Natural,https://www.shoppersstop.com/sera-printed-sleeveless-viscose-rayon-womens-jumpsuit/p-S21SERALA2756BE/colorChange/S21SERALA2756BE_BEIGE,SERA,1498,https://sslimages.shoppersstop.com/sys-master/images/h59/h65/16901651496990/S21SERALA2756BE_BEIGE.jpg_230Wx334H
Striped Polyester Womens Full Length Jumpsuit - Olive,https://www.shoppersstop.com/allen-solly-striped-polyester-womens-full-length-jumpsuit/p-A21ASWRGFF40832/colorChange/A21ASWRGFF40832_OLIVE,ALLEN SOLLY,2399,https://sslimages.shoppersstop.com/sys-master/images/hf8/h72/17541556240414/A21ASWRGFF40832_OLIVE.jpg_230Wx334H
Womens Band Collar Solid Applique Midi Dress - Bottle Green,https://www.shoppersstop.com/gipsy-womens-band-collar-solid-applique-midi-dress/p-206080845/colorChange/206080845_BOTTLE_GREEN,GIPSY,1597,https://sslimages.shoppersstop.com/sys-master/images/h40/hcc/13499393146910/206080845_9474.jpg_230Wx334H
Solid Shoulder Straps Cotton Womens Ankle Length Dungarees - Black,https://www.shoppersstop.com/lovegen-solid-shoulder-straps-cotton-womens-ankle-length-dungarees/p-S21LG02SALBLK/colorChange/S21LG02SALBLK_BLACK,LOVEGEN,1949,https://sslimages.shoppersstop.com/sys-master/images/h20/h76/16843034984478/S21LG02SALBLK_BLACK.jpg_230Wx334H
Womens Round Neck Solid Jumpsuit - Steel,https://www.shoppersstop.com/gipsy-womens-round-neck-solid-jumpsuit/p-206147486/colorChange/206147486_STEEL_GREY,GIPSY,1797,https://sslimages.shoppersstop.com/sys-master/images/hf2/h49/13659818754078/206147486_8623.jpg_230Wx334H
Solid Shoulder Straps Cotton Womens Short Length Dungarees - Ecru,https://www.shoppersstop.com/lovegen-solid-shoulder-straps-cotton-womens-short-length-dungarees/p-S21LG02GENECRU/colorChange/S21LG02GENECRU_ECRU,LOVEGEN,1499,https://sslimages.shoppersstop.com/sys-master/images/he7/hec/16845937246238/S21LG02GENECRU_ECRU.jpg_230Wx334H
Floral One Shoulder Viscose Rayon Womens Straight Jumpsuit - Red,https://www.shoppersstop.com/global-desi-floral-one-shoulder-viscose-rayon-womens-straight-jumpsuit/p-SS21GB134JSRL/colorChange/SS21GB134JSRL_RED,GLOBAL DESI,2999,https://sslimages.shoppersstop.com/sys-master/images/hfa/hcd/16317669736478/SS21GB134JSRL_RED.jpg_230Wx334H
Womens Round Neck Lace Jumpsuit - Black,https://www.shoppersstop.com/gipsy-womens-round-neck-lace-jumpsuit/p-206026230/colorChange/206026230_BLACK,GIPSY,1397,https://sslimages.shoppersstop.com/sys-master/images/hfb/h6f/13417316286494/206026230_9212.jpg_230Wx334H
Solid Polyester Round Neck Womens Jumpsuit - Mid Blue,https://www.shoppersstop.com/allen-solly-solid-polyester-round-neck-womens-jumpsuit/p-S21ASCRGFZ88151/colorChange/S21ASCRGFZ88151_MID_BLUE,ALLEN SOLLY,1999,https://sslimages.shoppersstop.com/sys-master/images/ha3/h0f/16901736923166/S21ASCRGFZ88151_MID_BLUE.jpg_230Wx334H
Women Solid Casual Jumpsuit - Navy,https://www.shoppersstop.com/femina-flaunt-women-solid-casual-jumpsuit/p-A20317LJPSBSYNA/colorChange/A20317LJPSBSYNA_NAVY,FEMINA FLAUNT,899,https://sslimages.shoppersstop.com/sys-master/images/h52/h46/15799342465054/A20317LJPSBSYNA_NAVY.jpg_230Wx334H
Sleeveless Regular Fit Womens Regular Length Jumpsuit - Orange,https://www.shoppersstop.com/allen-solly-sleeveless-regular-fit-womens-regular-length-jumpsuit/p-S21ASCRGFA99516/colorChange/S21ASCRGFA99516_ORANGE,ALLEN SOLLY,1999,https://sslimages.shoppersstop.com/sys-master/images/he8/hcc/17424714727454/S21ASCRGFA99516_ORANGE.jpg_230Wx334H
Polka Dots Short Sleeves Rayon Womens Short Length Jumpsuit - Lilac,https://www.shoppersstop.com/and-polka-dots-short-sleeves-rayon-womens-short-length-jumpsuit/p-TN21AS023PSW75/colorChange/TN21AS023PSW75_LILAC,AND,2299,https://sslimages.shoppersstop.com/sys-master/images/hd1/hf6/16841189687326/TN21AS023PSW75_LILAC.jpg_230Wx334H
Womens Floral Flared Sleeve Jumpsuit - Lemon,https://www.shoppersstop.com/zink-london-womens-floral-flared-sleeve-jumpsuit/p-A20ZINKD01056/colorChange/A20ZINKD01056_LEMON,ZINK LONDON,899,https://sslimages.shoppersstop.com/sys-master/images/h30/h70/16296715517982/A20ZINKD01056_LEMON.jpg_230Wx334H
Womens 2 Pocket Solid Jumpsuit - Maroon,https://www.shoppersstop.com/miss-chase-womens-2-pocket-solid-jumpsuit/p-205953059/colorChange/205953059_MAROON,MISS CHASE,1071,https://sslimages.shoppersstop.com/sys-master/images/hd9/h68/13179157381150/205953059_9612.jpg_230Wx334H
Womens V Neck Stripe Jumpsuit - Maroon,https://www.shoppersstop.com/marie-claire-womens-v-neck-stripe-jumpsuit/p-204591235/colorChange/204591235_MAROON,MARIE CLAIRE,944,https://sslimages.shoppersstop.com/B8AC9759D45547D9AEF177F0DE13B7C8/img/81420BFB8DEE443ABB098D6587D4AEA2/204591235_9612_81420BFB8DEE443ABB098D6587D4AEA2.jpg
Womens Regular Fit Striped Jumpsuit - Brown Mix,https://www.shoppersstop.com/and-womens-regular-fit-striped-jumpsuit/p-206494860/colorChange/206494860_BROWN_MIX,AND,1499,https://sslimages.shoppersstop.com/sys-master/images/hcd/h5f/14864070869022/206494860_9130.jpg_230Wx334H
Womens Beige Solid Dungarees - Light Khaki,https://www.shoppersstop.com/crimsoune-club-womens-beige-solid-dungarees/p-A20CRCDUG51003L/colorChange/A20CRCDUG51003L_LIGHT_KHAKI,CRIMSOUNE CLUB,1199,https://sslimages.shoppersstop.com/sys-master/images/h2c/h87/16071060684830/A20CRCDUG51003L_LIGHT_KHAKI.jpg_230Wx334H
Stripes Sleeveless Georgette Womens Maxi Jumpsuit - Yellow,https://www.shoppersstop.com/faballey-stripes-sleeveless-georgette-womens-maxi-jumpsuit/p-206833234/colorChange/206833234_YELLOW,FABALLEY,1100,https://sslimages.shoppersstop.com/sys-master/images/hef/h5d/14606977630238/206833234_9407.jpg_230Wx334H
Womens Strappy Jumpsuit - White,https://www.shoppersstop.com/zink-london-womens-strappy-jumpsuit/p-A20ZINKD01054/colorChange/A20ZINKD01054_WHITE,ZINK LONDON,749,https://sslimages.shoppersstop.com/sys-master/images/h11/h62/16296746319902/A20ZINKD01054_WHITE.jpg_230Wx334H
Womens Tie Up Neck Striped Jumpsuit - Natural,https://www.shoppersstop.com/gipsy-womens-tie-up-neck-striped-jumpsuit/p-205948328/colorChange/205948328_BEIGE,GIPSY,1397,https://sslimages.shoppersstop.com/sys-master/images/h3c/h39/13488832086046/205948328_9111.jpg_230Wx334H
Womens Solid Collared Jumpsuit - Blue,https://www.shoppersstop.com/zink-london-womens-solid-collared-jumpsuit/p-S21ZINKD01335/colorChange/S21ZINKD01335_BLUE,ZINK LONDON,1449,https://sslimages.s3-ap-southeast-1.amazonaws.com/sys-master/images/h81/hb7/15960145920030/S21ZINKD01335_BLUE.jpg_230Wx334H
Printed Sleeveless Polyester Womens Above Knee Jumpsuit - Black,https://www.shoppersstop.com/sera-printed-sleeveless-polyester-womens-above-knee-jumpsuit/p-S21SERALA2353BL/colorChange/S21SERALA2353BL_BLACK,SERA,1294,https://sslimages.shoppersstop.com/sys-master/images/hba/h34/16843366432798/S21SERALA2353BL_BLACK.jpg_230Wx334H
Womens Round Neck Striped Jumpsuit - Green,https://www.shoppersstop.com/gipsy-womens-round-neck-striped-jumpsuit/p-206444853/colorChange/206444853_GREEN,GIPSY,1397,https://sslimages.shoppersstop.com/sys-master/images/hcb/h1f/14403960963102/206444853_9463.jpg_230Wx334H
Womens Regular Fit Solid V Neck Jumpsuit - Green,https://www.shoppersstop.com/zink-london-womens-regular-fit-solid-v-neck-jumpsuit/p-S21ZINKD01329/colorChange/S21ZINKD01329_GREEN,ZINK LONDON,1399,https://sslimages.shoppersstop.com/sys-master/images/h2a/h20/16744706899998/S21ZINKD01329_GREEN.jpg_230Wx334H
Womens Round Neck Printed Jumpsuit - Wine,https://www.shoppersstop.com/gipsy-womens-round-neck-printed-jumpsuit/p-205948329/colorChange/205948329_WINE,GIPSY,1397,https://sslimages.shoppersstop.com/sys-master/images/h78/h33/13486526267422/205948329_9667.jpg_230Wx334H
Solid Sleeveless Crepe Womens Maxi Jumpsuit - Pink,https://www.shoppersstop.com/faballey-solid-sleeveless-crepe-womens-maxi-jumpsuit/p-S20FAEODRS02922/colorChange/S20FAEODRS02922_Pink,FABALLEY,1200,https://sslimages.shoppersstop.com/sys-master/images/hff/h30/16302375927838/S20FAEODRS02922_Pink.jpg_230Wx334H
Womens Navy Striped Knotted Strappy Jumpsuit - Blue,https://www.shoppersstop.com/faballey-womens-navy-striped-knotted-strappy-jumpsuit/p-S20FAEODRS02919/colorChange/S20FAEODRS02919_Blue,FABALLEY,1100,https://sslimages.shoppersstop.com/sys-master/images/h03/h77/15378150981662/S20FAEODRS02919_Blue.jpg_230Wx334H
Printed Floral Short Sleeves Viscose Womens Short Length Jumpsuit - Pink,https://www.shoppersstop.com/and-printed-floral-short-sleeves-viscose-womens-short-length-jumpsuit/p-TN21AS024PSW35/colorChange/TN21AS024PSW35_PINK,AND,1699,https://sslimages.shoppersstop.com/sys-master/images/hd0/he1/16841981329438/TN21AS024PSW35_PINK.jpg_230Wx334H
All Over Print Polyester Womens Casual Jumpsuit - Red,https://www.shoppersstop.com/only-all-over-print-polyester-womens-casual-jumpsuit/p-AW21ON15251678/colorChange/AW21ON15251678_RED,ONLY,3999,https://sslimages.shoppersstop.com/sys-master/images/h9d/h4f/17323004723230/AW21ON15251678_RED.jpg_230Wx334H
Womens Regular Fit Printed Round Neck Fit And Flare Jumpsuit - Purple,https://www.shoppersstop.com/sera-womens-regular-fit-printed-round-neck-fit-and-flare-jumpsuit/p-A20SERALA2353PU/colorChange/A20SERALA2353PU_PURPLE,SERA,1294,https://sslimages.shoppersstop.com/sys-master/images/h1e/h49/15999599837214/A20SERALA2353PU_PURPLE.jpg_230Wx334H
Womens Grey Drawstring Waist Jumpsuit - Grey,https://www.shoppersstop.com/faballey-womens-grey-drawstring-waist-jumpsuit/p-S20FAEODRS03322/colorChange/S20FAEODRS03322_Grey,FABALLEY,1150,https://sslimages.shoppersstop.com/sys-master/images/h9e/hc8/15378971557918/S20FAEODRS03322_Grey.jpg_230Wx334H
Solid Sleeveless Polyester Womens Mid Calf Jumpsuit - Blue,https://www.shoppersstop.com/zink-london-solid-sleeveless-polyester-womens-mid-calf-jumpsuit/p-A20ZINKD01069/colorChange/A20ZINKD01069_BLUE,ZINK LONDON,899,https://sslimages.shoppersstop.com/sys-master/images/h7e/h9a/16965636030494/A20ZINKD01069_BLUE.jpg_230Wx334H
Womens Black Contrast Piping Halter Neck Jumpsuit - Black,https://www.shoppersstop.com/faballey-womens-black-contrast-piping-halter-neck-jumpsuit/p-S20FAEODRS02965/colorChange/S20FAEODRS02965_Black,FABALLEY,1100,https://sslimages.shoppersstop.com/sys-master/images/h67/h6c/15377954013214/S20FAEODRS02965_Black.jpg_230Wx334H
Solid Collar Polyester Women Regular Maxi - Green,https://www.shoppersstop.com/only-solid-collar-polyester-women-regular-maxi/p-A21ON15246552/colorChange/A21ON15246552_GREEN,ONLY,4299,https://sslimages.shoppersstop.com/sys-master/images/hc1/he4/17419136958494/A21ON15246552_GREEN.jpg_230Wx334H
Checks Sleeveless Rayon Womens Midi Length Jumpsuit - White,https://www.shoppersstop.com/zink-london-checks-sleeveless-rayon-womens-midi-length-jumpsuit/p-S21ZINKD01536/colorChange/S21ZINKD01536_WHITE,ZINK LONDON,1119,https://sslimages.s3-ap-southeast-1.amazonaws.com/sys-master/images/hae/hb2/17027231907870/S21ZINKD01536_WHITE.jpg_230Wx334H
Structured Off Shoulder Polyester Womens Jumpsuits - Pink,https://www.shoppersstop.com/zink-london-structured-off-shoulder-polyester-womens-jumpsuits/p-A21ZINKD01797/colorChange/A21ZINKD01797_PINK,ZINK LONDON,2899,https://sslimages.shoppersstop.com/sys-master/images/hd1/h3c/26398449106974/A21ZINKD01797_PINK.jpg_230Wx334H
Printed Elbow Sleeves Polyester Womens Calf Length Jumpsuit - White,https://www.shoppersstop.com/zink-london-printed-elbow-sleeves-polyester-womens-calf-length-jumpsuit/p-S21ZINKD01490/colorChange/S21ZINKD01490_WHITE,ZINK LONDON,839,https://sslimages.shoppersstop.com/sys-master/images/hb6/hc4/16744356380702/S21ZINKD01490_WHITE.jpg_230Wx334H
Self Design Sleeveless Polyester Womens Full Length Jumpsuit - Off White,https://www.shoppersstop.com/zink-london-self-design-sleeveless-polyester-womens-full-length-jumpsuit/p-A21ZINKD01745/colorChange/A21ZINKD01745_OFF_WHITE,ZINK LONDON,3199,https://sslimages.shoppersstop.com/sys-master/images/he2/h29/17164558073886/A21ZINKD01745_OFF_WHITE.jpg_230Wx334H
Solid Shoulder Straps Cotton Womens Ankle Length Dungarees - Light Blue,https://www.shoppersstop.com/lovegen-solid-shoulder-straps-cotton-womens-ankle-length-dungarees/p-S21LG02SALLTBLU/colorChange/S21LG02SALLTBLU_LIGHT_BLUE,LOVEGEN,1949,https://sslimages.shoppersstop.com/sys-master/images/h23/h95/16842618765342/S21LG02SALLTBLU_LIGHT_BLUE.jpg_230Wx334H
Solid Shoulder Straps Cotton Womens Short Length Dungarees - Baby Pink,https://www.shoppersstop.com/lovegen-solid-shoulder-straps-cotton-womens-short-length-dungarees/p-S21LG2GENLTPINK/colorChange/S21LG2GENLTPINK_BABY_PINK,LOVEGEN,1499,https://sslimages.shoppersstop.com/sys-master/images/h74/h9e/16844831293470/S21LG2GENLTPINK_BABY_PINK.jpg_230Wx334H
Womens Regular Fit Printed Off Shoulder Jumpsuit - White,https://www.shoppersstop.com/sera-womens-regular-fit-printed-off-shoulder-jumpsuit/p-A20SERALA2763WH/colorChange/A20SERALA2763WH_WHITE,SERA,1098,https://sslimages.shoppersstop.com/sys-master/images/ha8/h14/15999668060190/A20SERALA2763WH_WHITE.jpg_230Wx334H
Womens Square Neck Solid Jumpsuit - Navy,https://www.shoppersstop.com/madame-womens-square-neck-solid-jumpsuit/p-206257615/colorChange/206257615_NAVY_BLUE,MADAME,2599,https://sslimages.shoppersstop.com/sys-master/images/h62/h23/13796625088542/206257615_9324.jpg_230Wx334H
Womens Blue Striped Jumpsuit - Blue,https://www.shoppersstop.com/crimsoune-club-womens-blue-striped-jumpsuit/p-A20CRCRJS56001B/colorChange/A20CRCRJS56001B_BLUE,CRIMSOUNE CLUB,1249,https://sslimages.shoppersstop.com/sys-master/images/h66/h3f/16071478837278/A20CRCRJS56001B_BLUE.jpg_230Wx334H
Stripes Sleeveless Linen Womens Regular Jumpsuit - Navy,https://www.shoppersstop.com/gipsy-stripes-sleeveless-linen-womens-regular-jumpsuit/p-206804308/colorChange/206804308_NAVY_BLUE,GIPSY,1597,https://sslimages.shoppersstop.com/sys-master/images/h70/h36/17204397277214/206804308_NAVY_BLUE.jpg_230Wx334H
Printed Sleeveless Polyester Womens Midi Length Jumpsuit - Brown,https://www.shoppersstop.com/sera-printed-sleeveless-polyester-womens-midi-length-jumpsuit/p-S21SERALA2756BR/colorChange/S21SERALA2756BR_BROWN,SERA,1694,https://sslimages.shoppersstop.com/sys-master/images/hcd/h97/16845197705246/S21SERALA2756BR_BROWN.jpg_230Wx334H
Womens Regular Fit Solid Jumpsuit - Burgundy,https://www.shoppersstop.com/and-womens-regular-fit-solid-jumpsuit/p-206494867/colorChange/206494867_BURGUNDY,AND,1649,https://sslimages.shoppersstop.com/sys-master/images/h22/hd1/14862582415390/206494867_9614.jpg_230Wx334H
Abstract Sleeveless Womens Regular Fit Jumpsuit - Black,https://www.shoppersstop.com/and-abstract-sleeveless-womens-regular-fit-jumpsuit/p-SS21AS098JST33A/colorChange/SS21AS098JST33A_BLACK,AND,3099,https://sslimages.shoppersstop.com/sys-master/images/h58/h8d/17272047042590/SS21AS098JST33A_BLACK.jpg_230Wx334H
Womens Teal Striped Strappy Jumpsuit - Green,https://www.shoppersstop.com/faballey-womens-teal-striped-strappy-jumpsuit/p-S20FAEODRS02838/colorChange/S20FAEODRS02838_Green,FABALLEY,1100,https://sslimages.shoppersstop.com/sys-master/images/hc3/h79/15378807914526/S20FAEODRS02838_Green.jpg_230Wx334H
Womens Round Neck Striped Playsuit - Navy,https://www.shoppersstop.com/and-womens-round-neck-striped-playsuit/p-205758661/colorChange/205758661_NAVY_BLUE,AND,1049,https://sslimages.shoppersstop.com/sys-master/images/h5a/he6/13483256774686/205758661_9324.jpg_230Wx334H
Solid Cotton Blend Womens Regular Length Jumpsuit - Mid Blue,https://www.shoppersstop.com/allen-solly-solid-cotton-blend-womens-regular-length-jumpsuit/p-A21ASCRGFA74851/colorChange/A21ASCRGFA74851_MID_BLUE,ALLEN SOLLY,2799,https://sslimages.shoppersstop.com/sys-master/images/h93/h62/16902345031710/A21ASCRGFA74851_MID_BLUE.jpg_230Wx334H
Solid Sleeveless Moss Womens Thigh Length Jumpsuit - Blue,https://www.shoppersstop.com/soie-solid-sleeveless-moss-womens-thigh-length-jumpsuit/p-S21SOIE8715SKYB/colorChange/S21SOIE8715SKYB_BLUE,SOIE,945,https://sslimages.shoppersstop.com/sys-master/images/h97/h54/16787042369566/S21SOIE8715SKYB_BLUE.jpg_230Wx334H
Solid Cotton Womens Full Length Dungaree - Indigo,https://www.shoppersstop.com/madame-solid-cotton-womens-full-length-dungaree/p-S20MADM0S31655I/colorChange/S20MADM0S31655I_INDIGO,MADAME,2999,https://sslimages.shoppersstop.com/sys-master/images/h5c/hcc/16364490063902/S20MADM0S31655I_INDIGO.jpg_230Wx334H
Printed Sleeveless Crepe Womens Regular Jumpsuit - White,https://www.shoppersstop.com/faballey-printed-sleeveless-crepe-womens-regular-jumpsuit/p-S21FABDRS03891/colorChange/S21FABDRS03891_WHITE,FABALLEY,1320,https://sslimages.shoppersstop.com/sys-master/images/h57/h68/16402966839326/S21FABDRS03891_WHITE.jpg_230Wx334H
Womens V Neck Solid Jumpsuit - Navy,https://www.shoppersstop.com/madame-womens-v-neck-solid-jumpsuit/p-206798962/colorChange/206798962_NAVY_BLUE,MADAME,1649,https://sslimages.shoppersstop.com/sys-master/images/h7f/hd6/14561582940190/206798962_9324.jpg_230Wx334H
Printed Sleeveless Crepe Womens Regular Jumpsuit - Pink,https://www.shoppersstop.com/faballey-printed-sleeveless-crepe-womens-regular-jumpsuit/p-S21FABDRS03886/colorChange/S21FABDRS03886_PINK,FABALLEY,1320,https://sslimages.shoppersstop.com/sys-master/images/hb2/h55/16301626458142/S21FABDRS03886_PINK.jpg_230Wx334H
Womens Surplice Neck Stripe Jumpsuit - Black,https://www.shoppersstop.com/madame-womens-surplice-neck-stripe-jumpsuit/p-205957841/colorChange/205957841_BLACK,MADAME,1349,https://sslimages.shoppersstop.com/sys-master/images/h2d/hc9/13323130667038/205957841_9212.jpg_230Wx334H
Womens Round Neck Stripe Jumpsuit with Belt - Black,https://www.shoppersstop.com/gipsy-womens-round-neck-stripe-jumpsuit-with-belt/p-206026231/colorChange/206026231_BLACK,GIPSY,1497,https://sslimages.shoppersstop.com/sys-master/images/h93/h88/13412483563550/206026231_9212.jpg_230Wx334H
Womens Round Neck Solid Jumpsuit - Natural,https://www.shoppersstop.com/madame-womens-round-neck-solid-jumpsuit/p-206016824/colorChange/206016824_BEIGE,MADAME,2799,https://sslimages.shoppersstop.com/sys-master/images/h49/hfa/13375055888414/206016824_9111.jpg_230Wx334H
Womens Stripes Square Neck Jumpsuit - Pink,https://www.shoppersstop.com/zink-london-womens-stripes-square-neck-jumpsuit/p-S21ZINKD01333/colorChange/S21ZINKD01333_PINK,ZINK LONDON,2899,https://sslimages.shoppersstop.com/sys-master/images/he0/haf/15960166432798/S21ZINKD01333_PINK.jpg_230Wx334H
Printed Short Sleeves Polyester Womens Regular Length Jumpsuit - Blue,https://www.shoppersstop.com/zink-london-printed-short-sleeves-polyester-womens-regular-length-jumpsuit/p-A21ZINKD01708/colorChange/A21ZINKD01708_BLUE,ZINK LONDON,2699,https://sslimages.shoppersstop.com/sys-master/images/h7d/hbb/17048263426078/A21ZINKD01708_BLUE.jpg_230Wx334H
Womens Round Neck Solid Layered Jumpsuit - Wine,https://www.shoppersstop.com/gipsy-womens-round-neck-solid-layered-jumpsuit/p-206221466/colorChange/206221466_WINE,GIPSY,1797,https://sslimages.shoppersstop.com/sys-master/images/h29/h12/13734643597342/206221466_9667.jpg_230Wx334H
Womens Regular Fit Stripes Round Neck Jumpsuit - White,https://www.shoppersstop.com/zink-london-womens-regular-fit-stripes-round-neck-jumpsuit/p-S21ZINKD01318/colorChange/S21ZINKD01318_WHITE,ZINK LONDON,1599,https://sslimages.shoppersstop.com/sys-master/images/h15/h49/15933944266782/S21ZINKD01318_WHITE.jpg_230Wx334H
Checks Sleeveless Viscose Womens Regular Jumpsuit - Blue,https://www.shoppersstop.com/faballey-checks-sleeveless-viscose-womens-regular-jumpsuit/p-206813285/colorChange/206813285_BLUE,FABALLEY,1100,https://sslimages.shoppersstop.com/sys-master/images/h90/hb9/14607450963998/206813285_9308.jpg_230Wx334H
Checks Sleeveless Polyester Womens Midi Length Jumpsuit - White,https://www.shoppersstop.com/sera-checks-sleeveless-polyester-womens-midi-length-jumpsuit/p-S21SERALA2876WH/colorChange/S21SERALA2876WH_WHITE,SERA,1694,https://sslimages.shoppersstop.com/sys-master/images/h9a/hfd/16844054396958/S21SERALA2876WH_WHITE.jpg_230Wx334H
Solid Regular Sleeves Polyester Womens Regular Length Jumpsuit - Black,https://www.shoppersstop.com/dolce-crudo-solid-regular-sleeves-polyester-womens-regular-length-jumpsuit/p-S21DOLSS20D0458/colorChange/S21DOLSS20D0458_BLACK,DOLCE CRUDO,1324,https://sslimages.shoppersstop.com/sys-master/images/h93/h55/16480718716958/S21DOLSS20D0458_BLACK.jpg_230Wx334H
Womens Round Neck Striped Jumpsuit - Indigo,https://www.shoppersstop.com/gipsy-womens-round-neck-striped-jumpsuit/p-206326696/colorChange/206326696_INDIGO,GIPSY,1247,https://sslimages.shoppersstop.com/sys-master/images/h4b/h2c/13934339031070/206326696_9328.jpg_230Wx334H
Womens Round Neck Solid Jumpsuit - Dark Brown,https://www.shoppersstop.com/109f-womens-round-neck-solid-jumpsuit/p-204194656/colorChange/204194656_DARK_BROWN,109F,799,https://sslimages.shoppersstop.com/B8AC9759D45547D9AEF177F0DE13B7C8/img/455ADB43FE1741B0B1AC47E167ABEC46/204194656_8395_455ADB43FE1741B0B1AC47E167ABEC46.jpg
Womens Regular Fit Solid Pallazos - Natural,https://www.shoppersstop.com/global-desi-womens-regular-fit-solid-pallazos/p-206574195/colorChange/206574195_BEIGE,GLOBAL DESI,1679,https://sslimages.shoppersstop.com/sys-master/images/hbf/hd0/14887031603230/206574195_9111.jpg_230Wx334H
Sleeveless Regular Fit Womens Regular Length Jumpsuit - Navy,https://www.shoppersstop.com/allen-solly-sleeveless-regular-fit-womens-regular-length-jumpsuit/p-S21ASCRGFR05222/colorChange/S21ASCRGFR05222_Navy,ALLEN SOLLY,1999,https://sslimages.shoppersstop.com/sys-master/images/h8d/h69/17425636818974/S21ASCRGFR05222_Navy.jpg_230Wx334H
Womens Regular Fit Structure V Neck Jumpsuit - White,https://www.shoppersstop.com/zink-london-womens-regular-fit-structure-v-neck-jumpsuit/p-S21ZINKD01319/colorChange/S21ZINKD01319_WHITE,ZINK LONDON,3199,https://sslimages.shoppersstop.com/sys-master/images/h0a/h41/15932070920222/S21ZINKD01319_WHITE.jpg_230Wx334H
Solid Full Sleeves Viscose Womens Regular Length Jumpsuit - Green,https://www.shoppersstop.com/emblaze-solid-full-sleeves-viscose-womens-regular-length-jumpsuit/p-S21EMBW532GRE/colorChange/S21EMBW532GRE_GREEN,EMBLAZE,2125,https://sslimages.shoppersstop.com/sys-master/images/hf3/h2b/16982445719582/S21EMBW532GRE_GREEN.jpg_230Wx334H
Womens Round Neck Straight Fit Printed Jumpsuit - Navy,https://www.shoppersstop.com/and-womens-round-neck-straight-fit-printed-jumpsuit/p-205758227/colorChange/205758227_NAVY_BLUE,AND,1049,https://sslimages.shoppersstop.com/sys-master/images/h39/hf3/14101988179998/205758227_9324.jpg_230Wx334H
Womens Regular Fit Solid Jumpsuit - Pink,https://www.shoppersstop.com/miss-chase-womens-regular-fit-solid-jumpsuit/p-A20MISSSD124971/colorChange/A20MISSSD124971_PINK,MISS CHASE,924,https://sslimages.shoppersstop.com/sys-master/images/h4b/h2c/15642675314718/A20MISSSD124971_PINK.jpg_230Wx334H
Womens Blue Tieup Tie Up Jumpsuit - Blue,https://www.shoppersstop.com/iti-womens-blue-tieup-tie-up-jumpsuit/p-A20ITIAW194933B/colorChange/A20ITIAW194933B_BLUE,ITI,2199,https://sslimages.shoppersstop.com/sys-master/images/ha1/hfe/15649983365150/A20ITIAW194933B_BLUE.jpg_230Wx334H
Womens Regular Fit Solid Jumpsuit - Pink,https://www.shoppersstop.com/miss-chase-womens-regular-fit-solid-jumpsuit/p-A20MISSD1249199/colorChange/A20MISSD1249199_PINK,MISS CHASE,924,https://sslimages.shoppersstop.com/sys-master/images/h4e/h89/15642752843806/A20MISSD1249199_PINK.jpg_230Wx334H
Floral Print Short Sleeves Viscose Womens Regular Length Jumpsuit - White,https://www.shoppersstop.com/indya-floral-print-short-sleeves-viscose-womens-regular-length-jumpsuit/p-S21ITN03199/colorChange/S21ITN03199_WHITE,INDYA,3450,https://sslimages.shoppersstop.com/sys-master/images/hc2/hf0/16495149776926/S21ITN03199_WHITE.jpg_230Wx334H
Printed Polyester Blend V Neck Women's Jumpsuit - Grey,https://www.shoppersstop.com/zink-london-printed-polyester-blend-v-neck-women-s-jumpsuit/p-S21ZINKD01357/colorChange/S21ZINKD01357_GREY,ZINK LONDON,1449,https://sslimages.shoppersstop.com/sys-master/images/h34/h53/16744430632990/S21ZINKD01357_GREY.jpg_230Wx334H
Solid Tencel Womens Full Length Jumpsuit - Maroon,https://www.shoppersstop.com/allen-solly-solid-tencel-womens-full-length-jumpsuit/p-A21ASWRGFN47774/colorChange/A21ASWRGFN47774_MAROON,ALLEN SOLLY,2399,https://sslimages.shoppersstop.com/sys-master/images/h86/h6a/17541687443486/A21ASWRGFN47774_MAROON.jpg_230Wx334H
Womens Green Striped Belted Playsuit - Green,https://www.shoppersstop.com/faballey-womens-green-striped-belted-playsuit/p-S20FAEODRS02819/colorChange/S20FAEODRS02819_Green,FABALLEY,900,https://sslimages.shoppersstop.com/sys-master/images/ha6/h9c/15379103875102/S20FAEODRS02819_Green.jpg_230Wx334H
Solid 3/4Th Sleeves Womens Regular Fit Jumpsuit - Blue,https://www.shoppersstop.com/and-solid-3-4th-sleeves-womens-regular-fit-jumpsuit/p-SS21AS096JSNT/colorChange/SS21AS096JSNT_BLUE,AND,2699,https://sslimages.shoppersstop.com/sys-master/images/hda/h18/17272541315102/SS21AS096JSNT_BLUE.jpg_230Wx334H
Womens Regular Fit Solid Jumpsuit - Light Olive,https://www.shoppersstop.com/and-womens-regular-fit-solid-jumpsuit/p-206494701/colorChange/206494701_LIGHT_OLIVE,AND,1249,https://sslimages.shoppersstop.com/sys-master/images/hb7/h4c/14863009415198/206494701_8499.jpg_230Wx334H
Striped Sleeveless Viscose Polyester Womens Maxi Length Jumpsuit - Yellow,https://www.shoppersstop.com/indya-striped-sleeveless-viscose-polyester-womens-maxi-length-jumpsuit/p-S21EEITN02995/colorChange/S21EEITN02995_YELLOW,INDYA,1380,https://sslimages.shoppersstop.com/sys-master/images/h4c/hc8/16915870908446/S21EEITN02995_YELLOW.jpg_230Wx334H
Womens Round Neck Solid Midi Dress - Grey,https://www.shoppersstop.com/gipsy-womens-round-neck-solid-midi-dress/p-206101345/colorChange/206101345_GREY,GIPSY,1397,https://sslimages.shoppersstop.com/sys-master/images/haf/h90/13697708687390/206101345_9204.jpg_230Wx334H
Solid Long Sleeves Cotton Womens Regular Length Dungarees - White,https://www.shoppersstop.com/jealous-21-solid-long-sleeves-cotton-womens-regular-length-dungarees/p-S21J210024057/colorChange/S21J210024057_WHITE,JEALOUS 21,2199,https://sslimages.shoppersstop.com/sys-master/images/hdc/h34/17079823106078/S21J210024057_WHITE.jpg_230Wx334H
Blue Checked Jumpsuit - Navy,https://www.shoppersstop.com/crimsoune-club-blue-checked-jumpsuit/p-A20CRCJS50018NA/colorChange/A20CRCJS50018NA_NAVY,CRIMSOUNE CLUB,1199,https://sslimages.shoppersstop.com/sys-master/images/h01/hb4/16072501592094/A20CRCJS50018NA_NAVY.jpg_230Wx334H
Womens Regular Fit Stripes Square Neck Jumpsuit - Multi,https://www.shoppersstop.com/zink-london-womens-regular-fit-stripes-square-neck-jumpsuit/p-S21ZINKD01440/colorChange/S21ZINKD01440_MULTI,ZINK LONDON,1199,https://sslimages.shoppersstop.com/sys-master/images/he2/hfa/16087848222750/S21ZINKD01440_MULTI.jpg_230Wx334H
Printed Sleeveless Crepe Womens Regular Jumpsuit - Purple,https://www.shoppersstop.com/faballey-printed-sleeveless-crepe-womens-regular-jumpsuit/p-S21FABDRS03890/colorChange/S21FABDRS03890_PURPLE,FABALLEY,1320,https://sslimages.shoppersstop.com/sys-master/images/h78/ha3/16403149619230/S21FABDRS03890_PURPLE.jpg_230Wx334H
Solid Full Sleeves Viscose Womens Regular Length Jumpsuit - Multi,https://www.shoppersstop.com/emblaze-solid-full-sleeves-viscose-womens-regular-length-jumpsuit/p-S21EMBW478MUL/colorChange/S21EMBW478MUL_MULTI,EMBLAZE,3400,https://sslimages.shoppersstop.com/sys-master/images/hd4/h39/16983369941022/S21EMBW478MUL_MULTI.jpg_230Wx334H
Floral Half Sleeves Viscose Womens Full Length Jumpsuit - Pink,https://www.shoppersstop.com/global-desi-floral-half-sleeves-viscose-womens-full-length-jumpsuit/p-SS21GM162JSRL/colorChange/SS21GM162JSRL_PINK,GLOBAL DESI,2499,https://sslimages.shoppersstop.com/sys-master/images/ha8/he3/17283957293086/SS21GM162JSRL_PINK.jpg_230Wx334H
Solid Full Sleeves Viscose Womens Regular Length Jumpsuit - White,https://www.shoppersstop.com/emblaze-solid-full-sleeves-viscose-womens-regular-length-jumpsuit/p-S21EMBW577WHI/colorChange/S21EMBW577WHI_WHITE,EMBLAZE,2125,https://sslimages.shoppersstop.com/sys-master/images/h9d/h26/16983348674590/S21EMBW577WHI_WHITE.jpg_230Wx334H
Womens V Neck Solid Pleated Jumpsuit - Pink,https://www.shoppersstop.com/gipsy-womens-v-neck-solid-pleated-jumpsuit/p-206326697/colorChange/206326697_PINK,GIPSY,1247,https://sslimages.shoppersstop.com/sys-master/images/he2/hd8/14089203515422/206326697_9557.jpg_230Wx334H
Womens Regular Fit Printed High Neck Jumpsuit - Blue,https://www.shoppersstop.com/zink-london-womens-regular-fit-printed-high-neck-jumpsuit/p-S21ZINKD01314/colorChange/S21ZINKD01314_BLUE,ZINK LONDON,1449,https://sslimages.shoppersstop.com/sys-master/images/h0c/h8b/15930893795358/S21ZINKD01314_BLUE.jpg_230Wx334H
Solid Sleeveless Polyester Womens Ankle Length Jumpsuit - Navy,https://www.shoppersstop.com/gipsy-solid-sleeveless-polyester-womens-ankle-length-jumpsuit/p-206444851/colorChange/206444851_NAVY_BLUE,GIPSY,1247,https://sslimages.shoppersstop.com/sys-master/images/heb/hf6/17203324813342/206444851_NAVY_BLUE.jpg_230Wx334H
Solid Sleeveless Polyester Womens Midi Jumpsuit - Black,https://www.shoppersstop.com/madame-solid-sleeveless-polyester-womens-midi-jumpsuit/p-S20MADM9S31012B/colorChange/S20MADM9S31012B_BLACK,MADAME,2699,https://sslimages.shoppersstop.com/sys-master/images/hc8/ha7/16364936429598/S20MADM9S31012B_BLACK.jpg_230Wx334H
Womens Slate Blue Tie-Up Wrap Jumpsuit - Blue,https://www.shoppersstop.com/faballey-womens-slate-blue-tie-up-wrap-jumpsuit/p-A20FADRS02971BL/colorChange/A20FADRS02971BL_BLUE,FABALLEY,1100,https://sslimages.shoppersstop.com/sys-master/images/hf7/h22/15718179930142/A20FADRS02971BL_BLUE.jpg_230Wx334H
Womens Regular Fit Structure V Neck Jumpsuit - Pink,https://www.shoppersstop.com/zink-london-womens-regular-fit-structure-v-neck-jumpsuit/p-S21ZINKD01321/colorChange/S21ZINKD01321_PINK,ZINK LONDON,1599,https://sslimages.s3-ap-southeast-1.amazonaws.com/sys-master/images/h86/ha8/15932214837278/S21ZINKD01321_PINK.jpg_230Wx334H
Solid Sleeveless Polyester Womens Party Wear Jumpsuit - Black,https://www.shoppersstop.com/forever-new-solid-sleeveless-polyester-womens-party-wear-jumpsuit/p-A21FORJSC0861B/colorChange/A21FORJSC0861B_BLACK,FOREVER NEW,8200,https://sslimages.shoppersstop.com/sys-master/images/hce/hd4/26419747848222/A21FORJSC0861B_BLACK.jpg_230Wx334H
Womens Square Neck Checked Jumpsuit - Black,https://www.shoppersstop.com/rare-womens-square-neck-checked-jumpsuit/p-206525676/colorChange/206525676_BLACK,RARE,839,https://sslimages.shoppersstop.com/sys-master/images/h37/h37/14132208402462/206525676_9212.jpg_230Wx334H
Womens Round Neck Lace Jumpsuit - Black,https://www.shoppersstop.com/madame-womens-round-neck-lace-jumpsuit/p-206715596/colorChange/206715596_BLACK,MADAME,1349,https://sslimages.shoppersstop.com/sys-master/images/h15/hfe/14500759601182/206715596_9212.jpg_230Wx334H
Womens Stripes Casual Wear Jumpsuit - Natural,https://www.shoppersstop.com/and-womens-stripes-casual-wear-jumpsuit/p-206494817/colorChange/206494817_NATURAL,AND,1749,https://sslimages.shoppersstop.com/sys-master/images/h4c/h81/14807497670686/206494817_9112.jpg_230Wx334H
Womens Spaghetti Neck Striped Jumpsuit - Black,https://www.shoppersstop.com/marie-claire-womens-spaghetti-neck-striped-jumpsuit/p-206348643/colorChange/206348643_BLACK,MARIE CLAIRE,874,https://sslimages.shoppersstop.com/sys-master/images/h3b/h32/14141695918110/206348643_9212.jpg_230Wx334H
Womens Regular Fit V Neck Solid Ruffled Jumpsuit - Rust,https://www.shoppersstop.com/and-womens-regular-fit-v-neck-solid-ruffled-jumpsuit/p-206298667/colorChange/206298667_RUST,AND,1049,https://sslimages.shoppersstop.com/sys-master/images/h56/h0d/14124443500574/206298667_9125.jpg_230Wx334H
Womens Sheath Fit V Neck Check Flared Jumpsuit - Black,https://www.shoppersstop.com/and-womens-sheath-fit-v-neck-check-flared-jumpsuit/p-206494754/colorChange/206494754_BLACK,AND,1249,https://sslimages.shoppersstop.com/sys-master/images/hc4/h06/14327155687454/206494754_9212.jpg_230Wx334H
Womens Cotton Round Neck Jumpsuits - Indigo,https://www.shoppersstop.com/and-womens-cotton-round-neck-jumpsuits/p-206494682/colorChange/206494682_INDIGO,AND,1649,https://sslimages.shoppersstop.com/sys-master/images/h41/h48/15587815063582/206494682_INDIGO.jpg_230Wx334H
Stripes Sleeveless Cotton Womens Longline Jumpsuit - Blue,https://www.shoppersstop.com/faballey-stripes-sleeveless-cotton-womens-longline-jumpsuit/p-206833274/colorChange/206833274_BLUE,FABALLEY,1100,https://sslimages.shoppersstop.com/sys-master/images/hea/h7e/16312937971742/206833274_BLUE.jpg_230Wx334H
Womens Strappy Knitted Playsuit - Blue,https://www.shoppersstop.com/zink-london-womens-strappy-knitted-playsuit/p-A20ZINKD01042/colorChange/A20ZINKD01042_BLUE,ZINK LONDON,719,https://sslimages.shoppersstop.com/sys-master/images/hb6/h4b/16296655945758/A20ZINKD01042_BLUE.jpg_230Wx334H
Womens Printed V-Neck Jump Suit - Coral,https://www.shoppersstop.com/global-desi-womens-printed-v-neck-jump-suit/p-206512298/colorChange/206512298_CORAL,GLOBAL DESI,1999,https://sslimages.shoppersstop.com/sys-master/images/h2a/hc7/14888029683742/206512298_9601.jpg_230Wx334H
Womens V Neck Printed Jumpsuit - Multi,https://www.shoppersstop.com/global-desi-womens-v-neck-printed-jumpsuit/p-206512258/colorChange/206512258_ASSORTED,GLOBAL DESI,1049,https://sslimages.shoppersstop.com/sys-master/images/h34/h16/14479908438046/206512258_9900.jpg_230Wx334H
Womens A-Line Embroidered Floral Casual Wear Jumpsuit - Mustard,https://www.shoppersstop.com/global-desi-womens-a-line-embroidered-floral-casual-wear-jumpsuit/p-206895621/colorChange/206895621_MUSTARD,GLOBAL DESI,1499,https://sslimages.shoppersstop.com/sys-master/images/hc0/ha8/15476031422494/206895621_MUSTARD.jpg_230Wx334H
